Mean Accuracy,Mean Precision,Mean Recall,Mean F1 Score
0.4037573571292957,0.4037573571292957,0.4037573571292957,0.4037573571292957
