Mean Accuracy,Mean Precision,Mean Recall,Mean F1 Score
0.39070818070818075,0.39070818070818075,0.39070818070818075,0.39070818070818075
