Mean Accuracy,Mean Precision,Mean Recall,Mean F1 Score
0.46568888888888893,0.46568888888888893,0.46568888888888893,0.46568888888888893
